ZCTA,total_arrests,felonies,misdemeanors,violations,AMERICAN INDIAN/ALASKAN NATIVE,ASIAN / PACIFIC ISLANDER,BLACK,BLACK HISPANIC,UNKNOWN,WHITE,WHITE HISPANIC,total_pop,white_count,black_count,native_count,asian_count,hispanic_count,median_income,below_poverty,pct_white,pct_black,pct_native,pct_asian,pct_hispanic,arrest_rate_per_1000,HISPANIC_ARRESTS,black_arrest_rate_per_1000,white_arrest_rate_per_1000,asian_pacific_islander_arrest_rate_per_1000,american_indian/alaskan_native_arrest_rate_per_1000,hispanic_arrest_rate_per_1000
00083,172,75,97,0,4,3,65,20,6,31,43,,,,,,,,,,,,,,,63,,,,,
10001,4041,1660,2291,8,14,116,1798,371,106,492,1144,29079.0,14221.0,2923.0,0.0,5228.0,5547.0,123393.0,4293.0,0.4890470786478214,0.1005192750782351,0.0,0.1797860999346607,0.1907562158258537,138.96626431445372,1515,615.1214505644886,34.59672315589621,22.188217291507268,,273.12060573282855
10002,2107,947,1137,8,1,166,924,209,24,212,571,75517.0,19896.0,6595.0,69.0,27597.0,18646.0,46525.0,18611.0,0.2634638558205437,0.0873313293695459,0.0009137015506442,0.3654408941033145,0.2469112914972787,27.901002423295417,780,140.10614101592114,10.655408122235626,6.01514657390296,14.492753623188406,41.83202831706532
10003,1742,856,877,8,4,60,822,156,32,265,403,53825.0,34480.0,2359.0,68.0,9630.0,5285.0,153750.0,5614.0,0.6405945192754297,0.0438272178355782,0.0012633534602879,0.1789131444496052,0.0981885740826753,32.36414305620065,559,348.4527342094108,7.685614849187934,6.230529595015576,58.8235294117647,105.77105014191108
10004,61,17,44,0,0,5,31,2,2,10,11,3875.0,2388.0,267.0,0.0,923.0,189.0,220592.0,157.0,0.6162580645161291,0.0689032258064516,0.0,0.2381935483870967,0.0487741935483871,15.741935483870966,13,116.10486891385769,4.187604690117253,5.417118093174431,,68.78306878306879
10005,87,21,60,0,1,5,24,6,1,20,30,9238.0,6123.0,405.0,0.0,1311.0,935.0,211810.0,424.0,0.6628058021216714,0.0438406581511149,0.0,0.1419138341632388,0.1012123836328209,9.417622862091362,36,59.25925925925926,3.2663726931242856,3.8138825324180012,,38.50267379679145
10006,149,30,118,1,2,10,35,18,0,26,58,4475.0,2807.0,271.0,0.0,1058.0,125.0,209972.0,580.0,0.6272625698324023,0.060558659217877,0.0,0.2364245810055865,0.0279329608938547,33.296089385474865,76,129.15129151291512,9.262557890986818,9.45179584120983,,608.0
10007,692,100,196,1,0,68,251,80,9,103,181,7802.0,4719.0,684.0,0.0,1164.0,1016.0,250001.0,232.0,0.6048449115611382,0.0876698282491668,0.0,0.1491925147398103,0.1302230197385286,88.69520635734426,261,366.95906432748535,21.826658190294552,58.419243986254294,,256.8897637795275
10009,622,257,360,2,3,23,249,44,5,99,199,58341.0,29544.0,4437.0,94.0,7415.0,14245.0,87963.0,11359.0,0.5064020157350748,0.0760528616239008,0.0016112168115047,0.1270975814607223,0.244167909360484,10.661455922935843,243,56.11899932386748,3.3509341998375306,3.1018206338503034,31.914893617021274,17.058617058617056
10010,1218,637,572,4,5,53,618,105,10,205,222,31905.0,20040.0,2839.0,112.0,4517.0,2701.0,156127.0,2696.0,0.6281147155618242,0.088982918037925,0.0035104215640181,0.1415765553988403,0.0846575771822598,38.1758345086977,327,217.68228249383586,10.229540918163673,11.733451405800311,44.642857142857146,121.06627175120326
10011,1766,731,886,3,5,83,749,190,16,311,412,49344.0,33431.0,1859.0,0.0,5091.0,6398.0,146571.0,4295.0,0.6775089169909209,0.0376742866407263,0.0,0.1031736381322957,0.1296611543450065,35.789559014267184,602,402.90478752017214,9.302742963118064,16.303280298566094,,94.09190371991247
10012,735,218,513,3,4,32,302,79,10,175,133,21846.0,14392.0,646.0,0.0,3780.0,2300.0,130938.0,2299.0,0.6587933717843083,0.0295706307790899,0.0,0.1730293875308981,0.1052824315664194,33.64460313100796,212,467.4922600619195,12.15953307392996,8.465608465608467,,92.17391304347827
10013,2556,1399,1088,3,4,200,1185,180,31,382,574,28215.0,14970.0,915.0,14.0,8621.0,2189.0,159474.0,2609.0,0.53056884635832,0.0324295587453482,0.0004961899698741,0.3055466950203792,0.0775828460038986,90.59011164274322,754,1295.081967213115,25.517702070808284,23.199164830066117,285.7142857142857,344.4495203289173
10014,1194,672,515,3,13,67,596,84,8,221,205,29772.0,23303.0,907.0,39.0,1503.0,3223.0,167254.0,1896.0,0.7827153029692329,0.0304648663173451,0.001309955663039,0.0504836759371221,0.1082560795378207,40.10479645304313,289,657.1113561190739,9.48375745612153,44.57751164337991,333.3333333333333,89.66801116971764
10016,641,222,410,4,5,34,313,67,3,76,143,54297.0,31995.0,2339.0,47.0,10788.0,6161.0,153065.0,5180.0,0.5892590750870214,0.0430778864393981,0.0008656095180212,0.1986850102215592,0.1134685157559349,11.805440447906882,210,133.8178708849936,2.3753711517424594,3.1516499814608823,106.38297872340425,34.08537575068982
10017,416,137,276,2,3,16,195,17,5,65,115,14985.0,9845.0,491.0,20.0,2736.0,637.0,132518.0,1522.0,0.6569903236569903,0.0327660994327661,0.0013346680013346,0.1825825825825826,0.0425091758425091,27.761094427761094,132,397.1486761710794,6.602336211274759,5.847953216374268,150.0,207.22135007849295
10018,1274,611,659,2,5,47,701,72,14,161,274,8764.0,3682.0,870.0,179.0,2272.0,1290.0,133042.0,1434.0,0.4201277955271565,0.0992697398448197,0.0204244637151985,0.2592423550890004,0.1471930625285258,145.36741214057508,346,805.7471264367816,43.72623574144487,20.68661971830986,27.932960893854748,268.2170542635659
10019,1770,726,1032,1,6,68,807,136,30,259,464,44276.0,24534.0,2157.0,0.0,8084.0,7360.0,121835.0,4682.0,0.5541150962146535,0.0487171379528412,0.0,0.1825819857259011,0.1662300117445117,39.97651097660132,600,374.13073713490957,10.556778348414445,8.411677387431965,,81.52173913043478
10020,36,13,23,0,0,0,25,1,0,4,6,0.0,0.0,0.0,0.0,0.0,0.0,-666666666.0,0.0,,,,,,inf,7,,,,,
10021,291,51,228,1,1,5,90,26,4,60,105,39479.0,31455.0,232.0,0.0,3871.0,2633.0,156712.0,1941.0,0.7967527039691988,0.0058765419590161,0.0,0.098052128979964,0.0666936852503862,7.371007371007371,131,387.9310344827586,1.9074868860276586,1.2916559028674761,,49.75313330801367
10022,661,300,352,2,3,28,255,66,7,162,140,34340.0,25146.0,640.0,21.0,4026.0,2769.0,171038.0,2265.0,0.7322655794991264,0.0186371578334304,0.0006115317414094,0.1172393709959231,0.0806348281887012,19.248689574839837,206,398.4375,6.442376521116679,6.954793840039741,142.85714285714286,74.39508847959553
10023,643,163,470,8,0,19,322,68,10,88,136,67468.0,44126.0,2773.0,8.0,10924.0,6656.0,157866.0,5658.0,0.6540285765103456,0.0411009663840635,0.0001185747317246,0.1619137961700361,0.098654176794925,9.530444062370309,204,116.11972592859719,1.99428908126728,1.739289637495423,0.0,30.64903846153846
10024,663,357,302,0,10,27,309,78,14,88,137,62576.0,49705.0,1868.0,30.0,2973.0,5600.0,182614.0,4788.0,0.7943141140373307,0.0298517003323958,0.0004794170288928,0.047510227563283,0.0894911787266683,10.595116338532344,215,165.41755888650962,1.770445629212353,9.081735620585267,333.3333333333333,38.392857142857146
10025,1650,533,1106,6,12,22,861,194,11,166,384,93223.0,49932.0,8894.0,65.0,9381.0,20965.0,109195.0,13351.0,0.5356188923334371,0.0954056402389968,0.0006972528238739,0.1006296729347907,0.2248908531156474,17.699494759876856,578,96.80683606926017,3.324521349034687,2.3451657605798957,184.6153846153846,27.569759122346767
10026,616,343,267,3,1,8,484,37,4,20,62,37113.0,9260.0,16884.0,22.0,2324.0,6624.0,74140.0,6551.0,0.2495082585616899,0.454934928461725,0.0005927841996066,0.0626195672675342,0.1784819335542801,16.597957588984993,99,28.66619284529732,2.1598272138228944,3.442340791738382,45.45454545454545,14.945652173913045
10027,2697,1198,1490,6,6,36,1727,281,41,115,491,65068.0,17622.0,21729.0,164.0,6647.0,15470.0,64220.0,13545.0,0.2708243683531075,0.3339429519886887,0.0025204401549148,0.1021546689617016,0.2377512755886149,41.44894571832544,772,79.4790372313498,6.525933492225627,5.415977132540996,36.58536585365854,49.903038138332256
10028,439,149,288,1,0,12,177,46,1,76,127,45679.0,37365.0,722.0,0.0,3177.0,2780.0,168125.0,2299.0,0.8179907616191248,0.0158059502178243,0.0,0.069550559337989,0.0608594759079664,9.610543137984632,173,245.1523545706371,2.0339890271644587,3.7771482530689333,,62.23021582733813
10029,2272,968,1295,3,6,22,1114,251,33,107,739,74848.0,10493.0,20782.0,32.0,8883.0,31403.0,38308.0,22134.0,0.1401907866609662,0.2776560495938435,0.0004275331338178,0.1186805258657546,0.4195569687900812,30.354852501068834,990,53.60408045423925,10.197274373391785,2.476640774513115,187.5,31.52565041556539
10030,1142,616,524,2,3,5,876,86,16,27,129,30781.0,2902.0,16745.0,6.0,1521.0,8372.0,42738.0,10015.0,0.0942789383060979,0.5440044183099965,0.0001949254410188,0.0494135992982684,0.2719859653682466,37.10080894058023,215,52.31412361899074,9.303928325292901,3.287310979618672,500.0,25.680840898232205
10031,1380,607,764,1,2,17,657,255,22,53,374,60305.0,10609.0,14907.0,0.0,2606.0,29473.0,65067.0,13718.0,0.1759223944946522,0.2471934333803167,0.0,0.0432136638753005,0.4887322775889229,22.883674653842967,629,44.073254175890526,4.995758318408899,6.523407521105142,,21.341566857802054
10032,1395,682,672,4,1,12,389,399,18,66,510,55579.0,9200.0,6710.0,11.0,2781.0,34688.0,56588.0,10884.0,0.1655301462782705,0.1207290523399125,0.0001979164792457,0.0500368844347685,0.6241206210978967,25.099408049802985,909,57.97317436661699,7.173913043478261,4.314994606256742,90.9090909090909,26.205027675276753
10033,1409,660,732,1,1,15,276,444,18,79,576,53611.0,14460.0,2329.0,112.0,1722.0,33822.0,75585.0,8953.0,0.2697207662606554,0.0434425770830613,0.002089123500774,0.0321202738244017,0.6308779914569771,26.281919755274103,1020,118.50579647917561,5.463347164591977,8.710801393728223,8.928571428571429,30.15788540003548
10034,1063,429,628,1,2,7,298,329,19,31,377,39037.0,7343.0,2750.0,93.0,1171.0,26191.0,69786.0,5687.0,0.1881035940261803,0.0704459871404052,0.0023823552014755,0.0299971821605143,0.6709275815252197,27.230576120091197,706,108.36363636363637,4.22170774887648,5.977796754910333,21.505376344086024,26.95582451987324
10035,3173,947,2204,8,3,69,1666,322,30,197,886,39082.0,5492.0,13769.0,30.0,2196.0,16341.0,40556.0,14181.0,0.1405250498950923,0.3523105265851287,0.0007676168056905,0.0561895501765518,0.4181208740596694,81.18827081520905,1208,120.99644128113879,35.87035688273853,31.420765027322403,100.0,73.92448442567775
10036,2067,843,1208,10,9,72,956,146,32,256,596,30589.0,15644.0,2286.0,29.0,4670.0,5706.0,100225.0,4155.0,0.5114256758965641,0.0747327470659387,0.0009480532217463,0.1526692601915721,0.1865376442512014,67.57331066723332,742,418.19772528433947,16.3641012528765,15.417558886509637,310.3448275862069,130.03855590606378
10037,332,139,193,0,1,4,248,27,8,15,29,18333.0,1992.0,11040.0,18.0,771.0,3801.0,51250.0,5049.0,0.108656521027655,0.6021927671412207,0.0009818360333824,0.0420553100965472,0.2073310423825888,18.109420171275843,56,22.463768115942027,7.530120481927711,5.188067444876784,55.55555555555555,14.732965009208103
10038,231,58,164,0,1,11,109,14,2,39,55,23342.0,9849.0,2301.0,43.0,6849.0,2748.0,115121.0,3939.0,0.4219432782109502,0.0985776711507154,0.0018421729072058,0.2934195870105389,0.1177277011395767,9.896324222431668,69,47.370708387657544,3.9597928723728297,1.6060738793984521,23.25581395348837,25.109170305676855
10039,371,177,190,2,1,5,263,29,6,9,58,30512.0,2126.0,16308.0,0.0,446.0,9987.0,48792.0,8592.0,0.0696775039328788,0.5344782380702674,0.0,0.0146171997902464,0.327313843733613,12.159150498164657,87,16.127054206524402,4.233301975540922,11.210762331838565,,8.71132472213878
10040,552,265,280,3,2,5,95,154,8,27,261,41581.0,9348.0,1447.0,32.0,704.0,28612.0,64022.0,6741.0,0.2248142180322743,0.0347995478704215,0.0007695822611288,0.0169308097448353,0.6881027392318607,13.275294004473196,415,65.65307532826537,2.8883183568677793,7.102272727272727,62.5,14.504403746679715
10044,20,11,9,0,0,1,12,1,0,5,1,11998.0,4953.0,1726.0,0.0,3530.0,1230.0,106146.0,1293.0,0.4128188031338556,0.1438573095515919,0.0,0.2942157026171028,0.1025170861810301,1.666944490748458,2,6.952491309385863,1.0094891984655763,0.28328611898017,,1.6260162601626016
10048,2,0,2,0,0,0,1,0,0,0,1,,,,,,,,,,,,,,,1,,,,,
10065,667,375,282,1,2,34,249,73,8,129,172,31047.0,22144.0,624.0,0.0,4055.0,3099.0,160938.0,1860.0,0.7132412149321996,0.0200985602473668,0.0,0.1306084323767191,0.0998164073823557,21.483557187489932,245,399.03846153846155,5.825505780346821,8.384710234278668,,79.05776056792514
10069,16,9,7,0,2,0,8,0,0,6,0,6669.0,2945.0,105.0,0.0,1947.0,556.0,226151.0,1771.0,0.4415954415954416,0.0157444894286999,0.0,0.2919478182636077,0.0833708202129254,2.3991602938971357,0,76.1904761904762,2.0373514431239386,0.0,,0.0
10075,72,24,43,1,0,5,28,8,1,18,12,23865.0,18899.0,196.0,0.0,2276.0,1272.0,146556.0,2959.0,0.7919128430756338,0.0082128640268175,0.0,0.0953697883930442,0.0532998114393463,3.016970458830924,20,142.85714285714286,0.9524313455738398,2.1968365553602816,,15.723270440251572
10111,4,2,2,0,0,0,0,0,0,0,4,0.0,0.0,0.0,0.0,0.0,0.0,-666666666.0,0.0,,,,,,inf,4,,,,,
10128,174,75,97,0,5,6,80,16,5,30,32,59000.0,39759.0,3121.0,89.0,6111.0,7406.0,148705.0,5011.0,0.6738813559322034,0.0528983050847457,0.0015084745762711,0.1035762711864406,0.1255254237288135,2.9491525423728815,48,25.6328099967959,0.7545461404964913,0.9818360333824251,56.17977528089887,6.481231433972455
10169,1,0,1,0,0,0,1,0,0,0,0,0.0,0.0,0.0,0.0,0.0,0.0,-666666666.0,0.0,,,,,,inf,0,,,,,
10280,17,5,12,0,0,1,5,1,1,8,1,8668.0,4904.0,161.0,23.0,2407.0,1023.0,206250.0,303.0,0.5657591139824643,0.0185740655283802,0.0026534379326257,0.2776880479926165,0.1180203045685279,1.961236732810337,2,31.055900621118013,1.6313213703099512,0.4154549231408392,0.0,1.9550342130987293
10281,12,4,7,1,1,1,6,1,0,3,0,,,,,,,,,,,,,,,1,,,,,
10282,14,6,7,1,0,1,5,0,0,6,2,5960.0,4207.0,145.0,0.0,903.0,124.0,250001.0,381.0,0.7058724832214766,0.0243288590604026,0.0,0.1515100671140939,0.0208053691275167,2.348993288590604,2,34.48275862068965,1.4261944378416924,1.1074197120708749,,16.129032258064516
10301,2824,1585,1232,0,8,71,1465,168,34,487,591,39799.0,14657.0,9044.0,177.0,2980.0,11634.0,84937.0,6808.0,0.3682755848136887,0.2272418904997613,0.0044473479233146,0.0748762531721902,0.292318902484987,70.95655669740445,759,161.98584697036708,33.22644470219008,23.8255033557047,45.19774011299435,65.23981433728726
10302,491,186,305,0,0,11,222,32,5,41,180,19693.0,5259.0,4135.0,0.0,1161.0,8559.0,76089.0,3939.0,0.2670492053013761,0.2099730868836642,0.0,0.0589549586147362,0.434621439090032,24.932717209160614,212,53.68802902055623,7.796158965582811,9.474590869939707,,24.769248744012152
10303,639,242,396,1,4,20,388,34,6,56,131,25993.0,3951.0,8497.0,0.0,2607.0,9792.0,79429.0,4829.0,0.1520024622013619,0.3268957026891855,0.0,0.1002962336013542,0.3767168083714846,24.583541722771518,165,45.663175238319404,14.173626929891167,7.671653241273495,,16.85049019607843
10304,1515,507,1006,0,4,45,804,80,12,259,311,45843.0,16640.0,11257.0,23.0,6051.0,10924.0,71506.0,7940.0,0.3629779900966342,0.2455554828436184,0.0005017123661191,0.1319939794516065,0.2382915603254586,33.04757542045677,391,71.42222617038288,15.564903846153847,7.4367873078829945,173.91304347826087,35.79274990845844
10305,477,177,299,1,6,22,152,29,7,187,74,41714.0,24112.0,1224.0,241.0,8588.0,6461.0,86294.0,3568.0,0.5780313563791533,0.029342666730594,0.0057774368317591,0.2058781224528935,0.1548880471784053,11.435009828834444,103,124.18300653594771,7.755474452554744,2.5617140195621797,24.896265560165972,15.941804674199041
10306,837,370,464,1,2,38,195,43,13,424,122,57249.0,35356.0,1148.0,0.0,8807.0,10009.0,97746.0,5065.0,0.6175828398749323,0.0200527520131356,0.0,0.1538367482401439,0.1748327481702737,14.62034271340984,165,169.86062717770034,11.992306822038692,4.31474963097536,,16.48516335298232
10307,338,120,218,0,0,15,55,10,2,214,42,14821.0,12219.0,7.0,0.0,679.0,1649.0,138807.0,396.0,0.8244382970109979,0.0004723028135753,0.0,0.0458133729168072,0.1112610485122461,22.805478712637473,52,7857.142857142857,17.51370815942385,22.091310751104565,,31.534263189812005
10308,121,54,64,3,0,12,11,3,0,83,12,29996.0,23675.0,215.0,28.0,2256.0,3297.0,122654.0,1738.0,0.7892719029203894,0.0071676223496466,0.0009334577943725,0.0752100280037338,0.1099146552873716,4.0338711828243765,15,51.16279069767442,3.5058078141499474,5.319148936170213,0.0,4.549590536851683
10309,385,104,280,0,4,24,80,10,8,206,53,34918.0,29248.0,148.0,33.0,1390.0,3068.0,123638.0,2074.0,0.8376195658399679,0.0042385016323958,0.0009450713099261,0.0398075491150695,0.0878629932985852,11.025831949137979,63,540.5405405405405,7.043216630196937,17.26618705035971,121.21212121212122,20.534550195567146
10310,484,236,244,2,4,21,255,22,2,87,93,25824.0,10510.0,4839.0,18.0,1338.0,8189.0,106118.0,3422.0,0.4069857496902107,0.1873838289962825,0.0006970260223048,0.0518122676579925,0.317108116480793,18.742255266418834,115,52.69683818970862,8.277830637488107,15.695067264573991,222.2222222222222,14.043228721455613
10312,315,98,215,0,5,25,30,6,10,190,49,63345.0,46980.0,591.0,33.0,5985.0,8517.0,111434.0,4057.0,0.7416528534217381,0.0093298602888941,0.0005209566658773,0.09448259531139,0.1344541794932512,4.972768174283685,55,50.76142131979695,4.044274159216688,4.177109440267335,151.51515151515153,6.457672889515088
10314,1442,533,908,0,8,91,434,67,11,462,369,93539.0,56189.0,3334.0,212.0,17349.0,14048.0,104655.0,9341.0,0.6007013117523172,0.0356428869241706,0.0022664343215129,0.1854734388864538,0.150183345984028,15.416029677460738,436,130.17396520695863,8.222249906565343,5.2452590927430975,37.73584905660377,31.036446469248293
10451,3683,1521,2132,5,2,27,1933,609,34,107,971,48975.0,2938.0,19373.0,77.0,557.0,24896.0,37111.0,15676.0,0.0599897907095456,0.395569167942828,0.0015722307299642,0.0113731495661051,0.5083409903011741,75.20163348647269,1580,99.77804160429464,36.419332879509874,48.47396768402154,25.974025974025977,63.46401028277634
10452,3314,1590,1694,3,2,24,1381,907,31,52,917,76745.0,2106.0,21601.0,247.0,637.0,50094.0,37854.0,26773.0,0.0274415271353182,0.2814645905270702,0.0032184507134015,0.0083002149977197,0.652733077073425,43.181966251873085,1824,63.932225359937036,24.691358024691358,37.67660910518053,8.097165991902834,36.41154629296922
10453,1833,656,1164,2,2,13,753,489,23,27,526,78270.0,1552.0,20679.0,116.0,989.0,52629.0,35482.0,26120.0,0.0198287977513734,0.2642008432349559,0.0014820493164686,0.0126357480516162,0.6724032196243771,23.418934457646607,1015,36.41375308283766,17.396907216494846,13.14459049544995,17.241379310344826,19.285945011305554
10454,2829,1406,1406,8,2,28,1304,520,34,52,889,40368.0,1331.0,9435.0,55.0,123.0,28354.0,27500.0,17197.0,0.0329716607213634,0.2337247324613555,0.0013624653190646,0.0030469678953626,0.7023880301228695,70.08026159334126,1409,138.20879703232643,39.06836964688205,227.6422764227642,36.36363636363636,49.69316498553996
10455,2074,813,1249,6,3,18,851,370,27,46,759,42940.0,554.0,10319.0,0.0,423.0,30337.0,36701.0,14098.0,0.0129017233348858,0.2403120633442012,0.0,0.00985095482068,0.7064974382859804,48.29995342338146,1129,82.46923151468165,83.03249097472924,42.5531914893617,,37.21528166924877
10456,2282,992,1270,4,2,9,1300,409,23,21,518,86958.0,2439.0,35785.0,240.0,664.0,45412.0,35676.0,31548.0,0.0280480231836058,0.4115205041514294,0.0027599530807976,0.0076358701902067,0.5222291221049242,26.2425538765841,927,36.32807042056728,8.610086100861007,13.55421686746988,8.333333333333334,20.4131066678411
10457,5360,2414,2923,5,6,37,2313,1277,52,80,1595,79375.0,1491.0,25660.0,214.0,375.0,50192.0,44911.0,26848.0,0.0187842519685039,0.3232755905511811,0.0026960629921259,0.0047244094488188,0.6323401574803149,67.5275590551181,2872,90.14029618082618,53.65526492287056,98.66666666666667,28.037383177570092,57.220274147274466
10458,3797,1485,2287,4,3,40,1480,847,39,152,1236,78741.0,6006.0,12650.0,158.0,3007.0,55275.0,42107.0,22418.0,0.0762753838533927,0.1606532810098932,0.0020065785296097,0.0381884913831422,0.7019849887606202,48.221384031190865,2083,116.99604743083005,25.308025308025307,13.302294645826406,18.9873417721519,37.68430574400724
10459,2530,1188,1324,8,3,22,1160,480,30,41,794,49753.0,611.0,14585.0,253.0,522.0,32964.0,39276.0,16463.0,0.0122806664924728,0.2931481518702389,0.0050851204952465,0.0104918296384137,0.6625530118786807,50.85120495246518,1274,79.53376756942065,67.10310965630114,42.145593869731805,11.857707509881422,38.64822230311855
10460,1833,712,1103,4,9,13,920,308,21,42,520,61101.0,2041.0,16611.0,126.0,579.0,39980.0,36067.0,20584.0,0.0334037086136069,0.2718613443315166,0.0020621593754603,0.0094761133205675,0.6543264431024042,29.99950900967251,828,55.38498585274818,20.578147966682998,22.452504317789295,71.42857142857143,20.710355177588795
10461,1737,720,915,2,10,69,657,293,21,156,531,50900.0,15247.0,3801.0,117.0,6860.0,23703.0,65023.0,8320.0,0.2995481335952848,0.0746758349705304,0.0022986247544204,0.1347740667976424,0.4656777996070727,34.12573673870334,824,172.8492501973165,10.231520954941956,10.058309037900875,85.47008547008546,34.763532042357504
10462,1165,429,719,8,12,96,451,151,21,53,381,75452.0,7925.0,16389.0,303.0,13663.0,34617.0,63460.0,14539.0,0.1050336637862482,0.2172109420558765,0.0040157981233101,0.1810820124052377,0.4587949954938239,15.440279913057308,532,27.51845750198304,6.687697160883281,7.026275342164971,39.603960396039604,15.368171707542537
10463,1803,545,1242,2,2,25,565,433,39,163,576,69373.0,20522.0,8331.0,217.0,2634.0,34773.0,72952.0,13246.0,0.2958211407896444,0.1200899485390569,0.0031280181050264,0.0379686621596298,0.5012468827930174,25.989938448675996,1009,67.81898931700876,7.9426956436994445,9.491268033409265,9.216589861751151,29.016765881574784
10464,60,15,45,0,0,1,16,10,0,9,24,4273.0,2491.0,33.0,0.0,91.0,1400.0,100306.0,253.0,0.5829627896091739,0.0077229113035338,0.0,0.0212965129885326,0.3276386613620407,14.04165691551603,34,484.8484848484849,3.6130068245684464,10.989010989010989,,24.285714285714285
10465,1284,506,772,1,5,48,411,186,22,130,482,46457.0,16381.0,4421.0,61.0,2617.0,21438.0,90255.0,6168.0,0.3526056353186818,0.0951632692597455,0.0013130421680263,0.0563316615364745,0.4614589835762102,27.63846137288245,668,92.96539244514817,7.9360234417923206,18.34161253343523,81.96721311475409,31.159623099169696
10466,2427,1187,1229,2,6,36,1705,203,29,38,410,74061.0,1681.0,44716.0,523.0,1477.0,21437.0,66328.0,14540.0,0.0226975061098283,0.6037725658578739,0.0070617463982392,0.0199430199430199,0.2894505880287871,32.77028395511808,613,38.12952858037392,22.605591909577633,24.373730534867978,11.472275334608032,28.595419135140176
10467,1844,861,965,5,5,34,907,274,28,76,520,96304.0,8398.0,27119.0,316.0,6066.0,51489.0,47806.0,25338.0,0.0872030237580993,0.2815978567868417,0.0032812759594617,0.0629880378800465,0.5346506894833029,19.147698953314507,794,33.44518603193333,9.04977375565611,5.605011539729641,15.822784810126583,15.420769484744316
10468,1660,587,1048,3,3,31,527,440,31,77,551,79825.0,2568.0,13861.0,83.0,1802.0,60755.0,46624.0,20942.0,0.0321703726902599,0.173642342624491,0.0010397745067334,0.0225743814594425,0.7611024115252114,20.795490134669592,991,38.02034485246375,29.98442367601246,17.203107658157602,36.144578313253014,16.311414698378734
10469,902,373,520,0,2,21,574,82,15,24,184,69855.0,5726.0,37833.0,223.0,4376.0,19150.0,76018.0,10226.0,0.0819697945744757,0.5415933004079879,0.0031923269629947,0.0626440483859423,0.2741392885262329,12.912461527449718,266,15.171939840879654,4.1914076143905,4.798903107861061,8.968609865470851,13.890339425587468
10470,273,120,150,0,2,3,153,36,1,26,52,15558.0,5941.0,4642.0,27.0,410.0,3700.0,81134.0,1720.0,0.3818614217765779,0.2983673994086643,0.001735441573467,0.0263530016711659,0.2378197711788147,17.547242576166603,88,32.95993106419647,4.3763676148796495,7.317073170731708,74.07407407407408,23.783783783783782
10471,123,57,64,0,0,4,47,27,1,14,30,23400.0,12301.0,1732.0,13.0,914.0,7304.0,108738.0,1265.0,0.5256837606837607,0.074017094017094,0.0005555555555555,0.039059829059829,0.3121367521367521,5.256410256410256,57,27.136258660508084,1.1381188521258434,4.3763676148796495,0.0,7.8039430449069
10472,1596,630,955,1,4,46,567,339,19,23,598,63820.0,1148.0,14613.0,60.0,5086.0,39427.0,43125.0,19923.0,0.0179880915073644,0.228972109056722,0.0009401441554371,0.0796928862425571,0.6177843936070198,25.007834534628643,937,38.80106754259906,20.034843205574912,9.044435705859222,66.66666666666667,23.76543992695361
10473,2142,1009,1113,3,4,87,959,334,20,40,698,59778.0,1007.0,20129.0,151.0,1454.0,35424.0,50609.0,14207.0,0.0168456622837833,0.3367292314898457,0.0025260129144501,0.0243233296530496,0.5925925925925926,35.8325805480277,1032,47.64270455561628,39.7219463753724,59.834938101788175,26.490066225165563,29.132791327913278
10474,479,250,224,0,0,5,190,105,2,17,160,11188.0,204.0,2764.0,58.0,18.0,7994.0,41279.0,3346.0,0.0182338219520915,0.2470504111548087,0.005184125849124,0.0016088666428316,0.7145155523775474,42.813728995352164,265,68.7409551374819,83.33333333333333,277.77777777777777,0.0,33.149862396797594
10475,498,140,357,0,3,8,272,63,6,25,121,42771.0,1961.0,25865.0,94.0,796.0,12913.0,62383.0,6450.0,0.0458488228004956,0.6047321783451404,0.0021977508124663,0.0186107409225877,0.3019101727806224,11.643403240513432,184,10.516141503962885,12.748597654258031,10.050251256281408,31.914893617021274,14.24920622628359
11001,30,12,18,0,0,16,2,4,0,1,7,25714.0,13180.0,1418.0,70.0,6242.0,3973.0,144755.0,948.0,0.5125612506805631,0.0551450571673018,0.0027222524694718,0.242747141634907,0.1545072723030255,1.1666796297736641,11,1.4104372355430184,0.07587253414264036,2.56328099967959,0.0,2.768688648376542
11004,42,15,25,2,1,19,4,0,0,7,11,14296.0,3923.0,809.0,0.0,7368.0,1398.0,109865.0,1596.0,0.2744124230554001,0.0565892557358701,0.0,0.5153889199776162,0.0977895914941242,2.9378847229994403,11,4.944375772558714,1.7843487127198572,2.57871878393051,,7.868383404864091
11005,4,2,2,0,0,0,2,0,0,2,0,2195.0,2088.0,0.0,29.0,64.0,14.0,91719.0,191.0,0.95125284738041,0.0,0.0132118451025056,0.0291571753986332,0.006378132118451,1.8223234624145788,0,,0.9578544061302682,0.0,0.0,0.0
11040,26,12,13,0,1,2,11,0,0,3,9,42344.0,16324.0,498.0,147.0,18548.0,4740.0,153511.0,1482.0,0.3855091630455318,0.011760816172303,0.0034715662195352,0.4380313621764595,0.1119402985074626,0.6140185150198376,9,22.08835341365462,0.18377848566527813,0.10782833728703904,6.802721088435374,1.8987341772151898
11101,1675,800,866,1,3,193,592,104,12,213,558,39007.0,13153.0,3778.0,16.0,12179.0,7385.0,116807.0,5306.0,0.3371958879175533,0.096854410746789,0.0004101827877047,0.3122260107160253,0.1893249929499833,42.94101058784321,662,156.69666490206458,16.194024176993842,15.84694966746038,187.5,89.64116452268112
11102,295,133,159,0,2,31,119,10,2,47,84,28349.0,13231.0,1674.0,208.0,4277.0,7450.0,102996.0,3456.0,0.4667184027655296,0.0590497019295213,0.0073371194751137,0.1508695192070267,0.2627958658153727,10.406010794031536,94,71.08721624850656,3.5522636233088956,7.248071077858312,9.615384615384617,12.61744966442953
11103,1502,806,687,2,10,127,551,90,26,260,438,35357.0,18928.0,919.0,0.0,4441.0,9263.0,92787.0,3626.0,0.5353395367254009,0.0259920242101988,0.0,0.1256045478971632,0.2619848969086744,42.48097972113018,528,599.5647442872688,13.736263736263735,28.597162801170906,,57.00097160747058
11104,147,76,71,0,0,22,21,7,1,24,72,26825.0,10091.0,636.0,11.0,7601.0,7312.0,84716.0,2348.0,0.3761789375582479,0.0237092264678471,0.0004100652376514,0.2833550792171482,0.2725815470643057,5.479962721342032,79,33.0188679245283,2.3783569517391734,2.894356005788712,0.0,10.804157549234136
11105,237,117,120,0,2,26,51,7,2,73,76,38507.0,23062.0,1288.0,28.0,3996.0,8615.0,100306.0,3521.0,0.5989040953592853,0.0334484639156517,0.0007271405199054,0.1037733399122237,0.2237255563923442,6.1547251149141715,83,39.59627329192546,3.1653802792472465,6.506506506506507,71.42857142857143,9.63435867672664
11106,335,161,174,0,1,20,104,29,5,57,119,40657.0,16911.0,2922.0,88.0,7534.0,10951.0,85573.0,5971.0,0.4159431340236613,0.0718695427601643,0.0021644489263841,0.1853063433111149,0.26935091128219,8.239663526575988,148,35.59206023271732,3.370587191768671,2.654632333421821,11.363636363636363,13.514747511642772
11109,4,1,3,0,0,0,1,0,0,0,3,7388.0,4420.0,48.0,0.0,2059.0,375.0,198773.0,200.0,0.5982674607471575,0.0064970221981591,0.0,0.278695181375203,0.0507579859231185,0.5414185165132648,3,20.833333333333332,0.0,0.0,,8.0
11201,2915,1214,1599,9,5,89,1702,182,29,300,608,69251.0,39854.0,7963.0,47.0,9856.0,7403.0,169285.0,6847.0,0.5755007147911222,0.1149875092056432,0.0006786905604251,0.1423228545436167,0.1069009833793013,42.09325497104735,790,213.73854075097327,7.527475284789482,9.030032467532468,106.38297872340425,106.7134945292449
11203,1441,668,770,0,0,24,1232,33,17,45,90,76853.0,3972.0,59775.0,50.0,1352.0,5599.0,68028.0,12054.0,0.0516830832888761,0.7777835608239105,0.0006505926899405,0.017592026335992,0.0728533694195412,18.750081324086242,123,20.610623170221665,11.32930513595166,17.75147928994083,0.0,21.968208608680122
11204,451,138,308,1,1,51,45,36,5,167,146,81368.0,43211.0,686.0,276.0,23596.0,10605.0,67588.0,16358.0,0.5310564349621473,0.0084308327598072,0.0033919968538,0.2899911513125553,0.1303337921541638,5.542719496608003,182,65.59766763848395,3.864756659184004,2.161383285302594,3.6231884057971016,17.16171617161716
11205,900,455,426,5,4,26,562,64,13,67,164,50205.0,26035.0,10134.0,81.0,3372.0,7605.0,86753.0,12820.0,0.5185738472263719,0.2018524051389303,0.0016133851210038,0.0671646250373468,0.1514789363609202,17.926501344487598,228,55.456877836984404,2.5734588054541963,7.71055753262159,49.382716049382715,29.980276134122285
11206,2098,1121,957,17,1,48,1061,216,25,154,593,89231.0,32604.0,15620.0,6.0,5846.0,32462.0,57280.0,29486.0,0.3653887102016115,0.1750512714191256,6.724120541067567e-05,0.0655153478051349,0.3637973350068922,23.51200815859959,809,67.9257362355954,4.723346828609987,8.210742387957577,166.66666666666666,24.92144661450311
11207,2571,1254,1297,8,2,39,1903,158,38,57,374,93445.0,4947.0,50863.0,132.0,1455.0,30985.0,55419.0,25189.0,0.0529402322221627,0.5443094868639307,0.0014125956444967,0.0155706565359302,0.3315854245813045,27.513510621221037,532,37.414230383579415,11.522134627046695,26.804123711340203,15.151515151515152,17.169598192673874
11208,3213,1975,1217,4,13,130,2080,245,27,55,663,106901.0,2716.0,45166.0,115.0,11202.0,42003.0,59988.0,21330.0,0.0254066846895725,0.4225030635821928,0.0010757616860459,0.1047885426703211,0.3929149399912068,30.055846063179953,908,46.052340255944735,20.25036818851252,11.605070523120872,113.04347826086956,21.61750351165393
11209,892,271,617,1,8,74,138,24,13,401,234,70756.0,42790.0,1814.0,135.0,9534.0,13789.0,92656.0,7952.0,0.6047543671208095,0.0256374017751144,0.0019079654022273,0.1347447566284131,0.1948809994912092,12.606704731754197,258,76.07497243660418,9.371348445898574,7.76169498636459,59.25925925925926,18.710566393502067
11210,1484,737,739,2,5,49,1108,31,14,141,136,60398.0,18154.0,30009.0,88.0,3301.0,4499.0,83261.0,6731.0,0.3005728666512136,0.4968542004702142,0.0014570018874797,0.0546541276201198,0.0744892214974005,24.570350011589788,167,36.92225665633643,7.766883331497191,14.843986670705847,56.81818181818181,37.11935985774616
11211,1061,549,505,3,4,12,368,96,15,219,347,65691.0,38627.0,2529.0,96.0,4530.0,17336.0,105183.0,13883.0,0.588010534167542,0.0384984244417043,0.0014613874046673,0.0689592181577385,0.263902208826171,16.15137537866679,443,145.51206010280742,5.669609340616667,2.6490066225165565,41.666666666666664,25.55376095985233
11212,2233,1135,1081,11,2,13,1852,85,28,30,223,87946.0,3360.0,59591.0,113.0,993.0,17172.0,40060.0,29308.0,0.03820526232006,0.6775862461055647,0.0012848793577877,0.011291019489232,0.1952561799285925,25.3905805835399,308,31.07851856824017,8.928571428571429,13.091641490433032,17.699115044247787,17.936175168879572
11213,2382,1326,1035,12,3,37,1898,86,22,115,221,69630.0,15711.0,39172.0,34.0,1179.0,9129.0,62040.0,15321.0,0.2256355019388194,0.5625736033318972,0.0004882952750251,0.0169323567427832,0.1311072813442481,34.20939250323136,307,48.45297661595017,7.319712303481637,31.382527565733675,88.23529411764706,33.62909409573885
11214,1555,625,919,4,5,177,250,67,23,596,437,88994.0,35210.0,1618.0,76.0,33498.0,14851.0,64286.0,16652.0,0.3956446502011371,0.0181810009663572,0.0008539901566397,0.3764073982515675,0.1668764186349641,17.47308807335326,504,154.51174289245984,16.927009372337405,5.283897546122156,65.78947368421052,33.937108612214665
11215,507,230,265,6,3,28,186,32,3,96,159,70922.0,47727.0,2308.0,76.0,6335.0,10299.0,180773.0,4207.0,0.672950565409887,0.0325427934914413,0.00107159978568,0.0893234821353035,0.1452158709568258,7.1486985702602865,191,80.58925476603119,2.011440065371802,4.419889502762431,39.473684210526315,18.545489853383824
11216,1037,489,511,28,4,19,841,34,11,34,94,59913.0,17652.0,27370.0,24.0,2945.0,7339.0,95000.0,9487.0,0.2946272094537078,0.4568290688164505,0.0004005808422212,0.0491546075142289,0.1224942833775641,17.308430557641916,128,30.72707343807088,1.9261273510083843,6.451612903225806,166.66666666666666,17.44106826543126
11217,1548,728,799,15,3,30,940,79,19,143,334,42569.0,21070.0,6993.0,34.0,3986.0,6748.0,158314.0,4266.0,0.4949611219431981,0.1642744720336395,0.0007987032817308,0.0936362141464446,0.158519110150579,36.36449059174517,413,134.42013442013442,6.786900806834362,7.526342197691922,88.23529411764706,61.203319502074685
11218,367,151,215,1,7,54,103,23,7,64,109,71313.0,34978.0,6484.0,22.0,13104.0,12210.0,95916.0,8765.0,0.4904856057100388,0.0909231135978012,0.0003084991516273,0.1837533128602078,0.1712170291531698,5.1463267566923285,132,15.885256014805675,1.829721539253245,4.120879120879121,318.1818181818182,10.81081081081081
11219,989,448,535,2,6,230,94,83,6,198,372,94737.0,56902.0,1170.0,227.0,19999.0,12384.0,55685.0,29832.0,0.600631221170187,0.0123499794167009,0.0023961071175992,0.2111002037218826,0.1307197821336964,10.43942704539937,455,80.34188034188035,3.479666795543215,11.500575028751438,26.431718061674008,36.74095607235142
11220,2290,859,1411,9,17,673,155,119,25,418,883,90792.0,14738.0,1729.0,329.0,36253.0,36244.0,64201.0,21056.0,0.1623270772755309,0.0190435280641466,0.003623667283461,0.3992972949158516,0.3991981672394044,25.222486562692747,1002,89.64719491035281,28.36205726692903,18.56398091192453,51.671732522796354,27.645955192583603
11221,2296,1326,959,9,3,33,1553,149,22,88,448,90750.0,18404.0,33527.0,13.0,5152.0,28900.0,85122.0,19831.0,0.2027988980716253,0.3694435261707989,0.0001432506887052,0.0567713498622589,0.3184573002754821,25.300275482093664,597,46.320875712112624,4.781569224081721,6.40527950310559,230.76923076923077,20.657439446366784
11222,893,498,392,1,3,30,271,57,12,254,266,41418.0,27979.0,1525.0,0.0,2380.0,6313.0,123963.0,3933.0,0.6755275484089044,0.0368197402095707,0.0,0.057462938818871,0.1524216524216524,21.560674103046985,323,177.70491803278688,9.078237249365595,12.605042016806722,,51.164264216695706
11223,1192,639,549,3,2,100,303,53,14,513,207,78566.0,40057.0,4255.0,42.0,20477.0,10415.0,63950.0,15207.0,0.5098515897462006,0.0541582872998498,0.0005345823893287,0.2606343711020034,0.132563704401395,15.17195733523407,260,71.21034077555817,12.806750380707491,4.883527860526445,47.61904761904761,24.963994239078254
11224,2054,1113,934,3,3,62,1065,101,23,454,346,48469.0,23184.0,10796.0,166.0,4122.0,8974.0,41449.0,13369.0,0.4783263529266129,0.2227403082382553,0.0034248695042191,0.0850440487734428,0.1851492706678495,42.377602178712166,447,98.64764727676916,19.58247066942719,15.041242115477925,18.072289156626507,49.81056385112547
11225,1352,652,692,6,2,18,1098,44,12,67,111,56544.0,15430.0,30009.0,14.0,1708.0,5860.0,85201.0,8054.0,0.2728848330503678,0.5307194397283531,0.0002475947934352,0.0302065647990945,0.1036361063950198,23.910582908885115,155,36.5890232930121,4.342190537913156,10.53864168618267,142.85714285714286,26.450511945392492
11226,2892,1599,1281,4,8,41,2386,98,21,113,225,100022.0,14464.0,58964.0,135.0,4063.0,16356.0,81084.0,15218.0,0.1446081861990362,0.5895103077322988,0.0013497030653256,0.0406210633660594,0.1635240247145628,28.91363899942013,323,40.465368699545486,7.8125,10.091065714988924,59.25925925925926,19.74810467106872
11228,297,103,191,0,3,47,26,9,5,94,113,42325.0,20274.0,449.0,45.0,15356.0,5333.0,80737.0,5562.0,0.4790076786769049,0.0106083874778499,0.0010632014176018,0.3628115770821027,0.1260011813349084,7.017129356172474,122,57.906458797327396,4.6364802209726745,3.0606928887731177,66.66666666666667,22.876429776861055
11229,622,257,355,5,2,38,181,19,4,298,80,79802.0,46713.0,4869.0,86.0,17724.0,7261.0,72556.0,12545.0,0.5853612691411243,0.0610135084333725,0.0010776672263853,0.2220996967494549,0.0909876945439964,7.794290869903009,99,37.17395769151777,6.379380472245414,2.143985556307831,23.25581395348837,13.63448560804297
11230,1284,686,592,4,12,91,640,51,14,293,183,88252.0,50721.0,7214.0,60.0,14614.0,11187.0,69522.0,16727.0,0.5747291846077143,0.081743189956035,0.0006798712777047,0.1655939808729547,0.1267619997280515,14.549245342881749,234,88.7163848073191,5.77669998619901,6.2269057068564395,200.0,20.91713596138375
11231,966,435,519,5,0,46,451,66,25,155,223,39704.0,24269.0,4395.0,14.0,1956.0,6281.0,138485.0,5139.0,0.6112482369534555,0.1106941366109208,0.0003526093088857,0.0492645577271811,0.1581956477936731,24.330042313117065,289,102.61660978384528,6.386748526927356,23.517382413087937,0.0,46.01178156344531
11232,1206,516,677,9,3,174,235,86,10,151,547,26681.0,6261.0,1647.0,10.0,4002.0,13898.0,87517.0,4230.0,0.2346613695138862,0.0617293204902364,0.0003747985457816,0.1499943780218132,0.5208950189273266,45.20070462126607,633,142.68366727383122,24.1175531065325,43.47826086956522,300.0,45.546121744135846
11233,1397,671,707,17,1,13,1135,46,17,23,162,82711.0,10126.0,53931.0,291.0,1241.0,13291.0,62034.0,19365.0,0.1224262794549697,0.6520414455151068,0.0035182744737701,0.0150040502472464,0.1606920482160776,16.890135532154126,208,21.04540987558176,2.271380604384752,10.475423045930702,3.4364261168384878,15.649687758633661
11234,1520,481,1034,1,5,63,979,43,15,239,176,87778.0,30599.0,36823.0,118.0,7190.0,8569.0,94434.0,8530.0,0.348595320011848,0.4195014696165326,0.0013443003941762,0.0819111850349745,0.0976212718448814,17.31641185718517,219,26.58664421692964,7.810712768391125,8.762169680111267,42.3728813559322,25.557241218345197
11235,831,349,477,2,2,74,98,25,7,494,131,81958.0,55316.0,2254.0,177.0,12023.0,7105.0,61689.0,14103.0,0.6749310622513971,0.0275018912125722,0.0021596427438444,0.1466970887527758,0.08669074403963,10.139339661777983,156,43.47826086956522,8.930508352013884,6.154869832820427,11.299435028248588,21.956368754398312
11236,1771,931,829,5,4,19,1561,42,13,42,90,95174.0,3478.0,75255.0,17.0,2103.0,7911.0,82813.0,12541.0,0.0365435938386534,0.79070964759283,0.0001786202114022,0.0220963708575871,0.083121440729611,18.608023199613342,132,20.742807786858016,12.07590569292697,9.03471231573942,235.2941176470588,16.685627607129312
11237,1691,962,725,2,1,26,492,244,26,127,775,45233.0,11566.0,4393.0,162.0,3001.0,23645.0,82570.0,9391.0,0.2556982733844759,0.0971193597594676,0.003581456016625,0.0663453673203192,0.5227378241549311,37.384210642672386,1019,111.9963578420214,10.980459968874285,8.66377874041986,6.172839506172839,43.09579192218228
11238,558,290,259,6,2,16,398,28,7,26,81,58462.0,27566.0,13496.0,62.0,4106.0,8547.0,132957.0,6798.0,0.471519961684513,0.2308508090725599,0.0010605179432793,0.0702336560500838,0.1461975300194998,9.544661489514557,109,29.49021932424422,0.9431908873249656,3.896736483195324,32.25806451612903,12.753012753012753
11239,329,122,207,0,1,9,219,17,1,19,63,16047.0,2351.0,9154.0,104.0,478.0,3048.0,35675.0,3941.0,0.1465071352900853,0.5704493051660746,0.006480962173615,0.0297874992210382,0.1899420452421013,20.502274568455164,80,23.923967664409002,8.081667375584857,18.82845188284519,9.615384615384617,26.246719160104988
11251,12,6,6,0,1,0,8,0,0,1,2,,,,,,,,,,,,,,,2,,,,,
11354,2458,1200,1235,4,13,684,413,187,34,237,890,52325.0,7879.0,1520.0,123.0,33741.0,7530.0,62833.0,9173.0,0.1505781175346392,0.0290492116579073,0.0023506927854753,0.6448351648351648,0.1439082656473961,46.97563306258958,1077,271.7105263157895,30.079959385708847,20.272072552680715,105.69105691056912,143.02788844621514
11355,798,396,392,0,1,481,57,27,6,52,174,79802.0,5331.0,1857.0,9.0,59484.0,11424.0,53700.0,17299.0,0.0668028370216285,0.0232700934813663,0.0001127791283426,0.7453948522593419,0.1431543069096012,9.999749379714794,201,30.694668820678512,9.754267492027763,8.086208055947818,111.1111111111111,17.59453781512605
11356,425,151,272,1,2,37,65,27,2,45,247,26956.0,5576.0,163.0,0.0,9503.0,11299.0,91445.0,2518.0,0.2068556165603205,0.0060468912301528,0.0,0.3525374684671316,0.4191645644754415,15.766434189048821,274,398.7730061349693,8.070301291248207,3.893507313479954,,24.249933622444466
11357,176,95,81,0,0,37,36,6,1,32,64,42341.0,23336.0,164.0,546.0,10673.0,6080.0,97754.0,3816.0,0.5511442809569921,0.0038733142816655,0.0128953024255449,0.2520724593183912,0.1435960416617463,4.156727521787393,70,219.5121951219512,1.3712718546451834,3.466691651831725,0.0,11.51315789473684
11358,176,86,86,0,0,58,12,4,4,33,65,36496.0,10165.0,248.0,130.0,17950.0,6274.0,88729.0,3793.0,0.2785236738272687,0.0067952652345462,0.0035620341955282,0.4918347216133275,0.1719092503288031,4.822446295484436,69,48.387096774193544,3.246433841613379,3.231197771587744,0.0,10.997768568696205
11360,63,36,27,0,1,10,8,3,0,17,24,19510.0,10609.0,248.0,0.0,5730.0,2410.0,100250.0,1489.0,0.5437724243977448,0.012711430035879,0.0,0.2936955407483342,0.1235263967196309,3.229113275243465,27,32.25806451612903,1.6024130455273824,1.7452006980802792,,11.203319502074688
11361,480,254,216,0,2,91,106,20,4,124,133,30402.0,11231.0,1096.0,52.0,12657.0,4558.0,108391.0,2761.0,0.3694164857575159,0.0360502598513255,0.0017104137885665,0.4163212946516677,0.1499243470824288,15.78843497138346,153,96.71532846715328,11.04086902323925,7.189697400647863,38.46153846153847,33.56735410267661
11362,83,18,65,0,0,23,20,3,1,17,19,18156.0,6743.0,521.0,0.0,8798.0,1723.0,118989.0,1032.0,0.3713923771755893,0.0286957479621061,0.0,0.4845781009032827,0.0948997576558713,4.571491517955496,22,38.38771593090211,2.521133026842652,2.614230506933394,,12.768427161926871
11363,29,12,17,0,0,7,2,0,0,12,8,7515.0,4053.0,20.0,82.0,2175.0,925.0,110833.0,670.0,0.5393213572854292,0.0026613439787092,0.0109115103127079,0.2894211576846307,0.1230871590153027,3.85894876912841,8,100.0,2.9607698001480385,3.218390804597701,0.0,8.64864864864865
11364,114,29,82,0,0,36,23,2,3,21,29,36417.0,10717.0,678.0,169.0,18291.0,5525.0,101222.0,2540.0,0.2942856358294203,0.018617678556718,0.0046406897877364,0.5022654254880963,0.1517148584452316,3.130406129005684,31,33.92330383480826,1.959503592423253,1.9681810726586844,0.0,5.610859728506787
11365,860,447,354,0,2,156,288,43,10,131,230,43258.0,9743.0,4687.0,134.0,18762.0,8878.0,85375.0,4096.0,0.2252300152572934,0.1083499005964214,0.0030976929122936,0.4337232419436867,0.2052337139950991,19.880715705765407,273,61.44655429912524,13.445550651749974,8.314678605692356,14.925373134328359,30.750168956972292
11366,83,16,67,0,0,22,28,4,3,11,15,12967.0,3910.0,571.0,0.0,5695.0,2140.0,117402.0,1362.0,0.3015346649186396,0.0440348577157399,0.0,0.4391917945554099,0.165034317883859,6.400863731009485,19,49.036777583187394,2.813299232736573,3.8630377524143986,,8.878504672897197
11367,340,150,187,1,1,42,104,17,4,70,102,42210.0,17769.0,3107.0,370.0,10613.0,8123.0,75804.0,5726.0,0.4209665955934613,0.0736081497275527,0.0087656953328595,0.2514333096422648,0.192442549158967,8.054963278843875,119,33.47280334728033,3.939445101018628,3.957410722698577,2.7027027027027026,14.649759940908531
11368,1784,813,956,9,3,44,203,143,14,39,1338,107060.0,4503.0,8936.0,160.0,12359.0,79956.0,71798.0,19308.0,0.0420605268073977,0.0834672146459929,0.0014944890715486,0.1154399402204371,0.7468335512796562,16.663553147767608,1481,22.717099373321396,8.660892738174551,3.560158588882596,18.75,18.52268747811296
11369,1306,698,585,0,3,95,176,133,11,70,818,33354.0,2299.0,5642.0,0.0,4718.0,19657.0,80577.0,4904.0,0.0689272650956407,0.1691551238232296,0.0,0.1414522995742639,0.5893446063440667,39.1557234514601,951,31.19461183977313,30.448020878642886,20.13565069944892,,48.379712061860914
11370,204,78,82,0,4,14,37,14,3,20,112,28762.0,7808.0,1912.0,82.0,7229.0,11206.0,74895.0,2696.0,0.2714692997705306,0.0664766010708573,0.0028509839371392,0.2513385717265837,0.3896112926778388,7.092691746053821,126,19.351464435146443,2.5614754098360653,1.936644072485821,48.78048780487805,11.243976441192219
11371,14,4,10,0,0,0,2,1,0,1,10,0.0,0.0,0.0,0.0,0.0,0.0,-666666666.0,0.0,,,,,,inf,11,,,,,
11372,1688,898,773,1,7,129,149,173,13,97,1120,66995.0,12158.0,844.0,28.0,13866.0,37023.0,77133.0,9920.0,0.1814762295693708,0.0125979550712739,0.0004179416374356,0.2069706694529442,0.5526233300992611,25.19591014254795,1293,176.54028436018956,7.97828590228656,9.303331890956297,250.0,34.924236285552226
11373,3061,1166,1878,5,14,275,423,221,25,135,1968,99433.0,4854.0,1507.0,138.0,47737.0,43153.0,71470.0,11575.0,0.0488167912061388,0.0151559341466112,0.0013878692184687,0.4800921223336317,0.4339907274244969,30.784548389367714,2189,280.69011280690114,27.81211372064277,5.760730670130088,101.44927536231884,50.72648483303594
11374,311,76,234,0,2,22,78,13,5,80,111,46128.0,17321.0,1768.0,29.0,13587.0,10098.0,86333.0,6557.0,0.3754986125563649,0.0383281304197017,0.0006286853971557,0.2945499479708637,0.2189125910509885,6.742108914325355,124,44.11764705882353,4.6186709774262455,1.6191948185765805,68.9655172413793,12.279659338482869
11375,1131,542,582,2,4,120,328,55,11,267,346,75320.0,35345.0,1956.0,61.0,21118.0,12360.0,104319.0,5928.0,0.4692644715878916,0.0259691980881571,0.0008098778544875,0.2803770578863516,0.1640998406797663,15.015932023366966,401,167.68916155419222,7.554109492148819,5.68235628373899,65.57377049180329,32.443365695792885
11377,808,361,438,2,4,124,105,64,8,84,419,83545.0,16433.0,1558.0,186.0,30109.0,33160.0,73292.0,8961.0,0.1966963911664372,0.0186486324735172,0.0022263450834879,0.3603926027889161,0.3969118439164522,9.671434556227183,483,67.3940949935815,5.111665551025376,4.118369922614501,21.505376344086024,14.56574185765983
11378,281,121,160,0,1,15,36,12,1,82,134,37828.0,18081.0,171.0,79.0,5557.0,13150.0,84762.0,4938.0,0.4779792746113989,0.0045204610341545,0.0020884001268901,0.1469017658877022,0.3476260970709527,7.428359945014275,146,210.52631578947367,4.535147392290249,2.6992981824725573,12.658227848101266,11.102661596958175
11379,178,82,96,0,0,13,26,18,1,39,81,37378.0,22786.0,361.0,43.0,4240.0,8692.0,92509.0,2694.0,0.6096099309754401,0.0096580876451388,0.0011504093316924,0.1134357108459521,0.2325432072342019,4.762159559098935,99,72.02216066481995,1.7115772842973755,3.066037735849057,0.0,11.389783709157847
11385,1593,729,857,2,6,42,239,145,15,328,818,103865.0,44167.0,2644.0,128.0,7152.0,47199.0,87365.0,11880.0,0.4252346796322149,0.0254561209262022,0.0012323689404515,0.0688586145477302,0.4544264189091609,15.337216579213402,963,90.39334341906202,7.42635904634682,5.87248322147651,46.875,20.402974639293205
11411,298,112,184,0,2,10,261,5,3,4,13,20501.0,383.0,17299.0,0.0,451.0,1537.0,118393.0,1221.0,0.0186820155114384,0.8438124969513682,0.0,0.0219989268816155,0.0749719525876786,14.535876298717136,18,15.087577316607895,10.443864229765014,22.172949002217297,,11.711125569290825
11412,563,259,302,1,6,27,484,8,5,2,31,41350.0,440.0,32103.0,61.0,1747.0,3548.0,98418.0,3967.0,0.0106408706166868,0.776372430471584,0.0014752116082224,0.0422490931076178,0.0858041112454655,13.615477629987907,39,15.076472603806499,4.545454545454545,15.455065827132225,98.36065573770492,10.992108229988727
11413,769,268,501,0,5,21,680,10,9,9,35,45072.0,555.0,37755.0,90.0,685.0,3910.0,114766.0,2657.0,0.0123136315228966,0.8376597444089456,0.001996805111821,0.0151979055733049,0.0867500887468938,17.061590344337947,45,18.010859488809427,16.216216216216218,30.656934306569344,55.55555555555555,11.508951406649617
11414,193,72,116,0,0,12,56,9,2,67,47,31090.0,19052.0,1633.0,0.0,1485.0,7800.0,98209.0,1911.0,0.6128015439047926,0.0525249276294628,0.0,0.0477645545191379,0.2508845287873914,6.207783853329044,56,34.29271279853032,3.5166911610329623,8.080808080808081,,7.17948717948718
11415,795,310,311,0,1,68,315,63,12,123,213,21379.0,9267.0,1260.0,69.0,4308.0,5281.0,88632.0,1992.0,0.4334627438140231,0.0589363393984751,0.0032274662051545,0.2015061508957388,0.2470181018756723,37.186023668085504,276,250.0,13.272903852379411,15.784586815227483,14.492753623188406,52.26282900965727
11416,269,113,154,0,2,63,56,18,3,22,105,26660.0,3165.0,1028.0,2.0,8715.0,11535.0,85544.0,3973.0,0.1187171792948237,0.0385596399099774,7.501875468867217e-05,0.326894223555889,0.4326706676669167,10.090022505626406,123,54.474708171206224,6.9510268562401265,7.228915662650603,1000.0,10.663198959687906
11417,1233,623,601,3,6,417,345,53,7,102,303,30091.0,5129.0,1951.0,54.0,8602.0,11247.0,86330.0,3676.0,0.1704496361038184,0.0648366621248878,0.0017945565119138,0.2858662058422784,0.3737662423980592,40.97570702203317,356,176.832393644285,19.886917527783194,48.477098349221116,111.1111111111111,31.652885213834804
11418,1333,667,664,1,8,360,265,109,6,144,441,36304.0,6469.0,2747.0,133.0,8677.0,14891.0,84927.0,3528.0,0.1781897311591009,0.0756665932128691,0.0036635081533715,0.2390094755398854,0.4101751873071838,36.7177170559718,550,96.46887513651257,22.260009275003863,41.48899389189812,60.150375939849624,36.93506144651131
11419,694,298,389,4,18,406,134,16,10,13,97,46938.0,1674.0,5209.0,600.0,16143.0,9672.0,91231.0,5393.0,0.035664067493289,0.1109761813456048,0.0127828198900677,0.3439217691422728,0.2060590566278921,14.78546167284503,113,25.724707237473602,7.765830346475507,25.150219909558324,30.0,11.683209263854424
11420,831,358,466,5,7,351,246,24,14,47,142,50060.0,2197.0,10106.0,871.0,16987.0,10769.0,98584.0,5410.0,0.0438873351977626,0.2018777467039552,0.0173991210547343,0.3393328006392329,0.2151218537754694,16.60007990411506,166,24.341975064318227,21.392808375056894,20.662859833990698,8.036739380022961,15.414616027486304
11421,359,160,197,1,1,32,50,40,1,49,186,41937.0,5631.0,1638.0,0.0,8516.0,23464.0,89439.0,4152.0,0.1342728378281708,0.0390585878818227,0.0,0.2030665045186828,0.5595059255549991,8.560459737224885,226,30.525030525030523,8.701829160007104,3.7576326914044156,,9.631776338220252
11422,330,153,177,0,0,12,278,6,1,2,31,33085.0,1857.0,25967.0,0.0,655.0,3001.0,108519.0,2784.0,0.0561281547529091,0.784857186035968,0.0,0.0197974913102614,0.0907057578963276,9.974308599063018,37,10.705895944853083,1.0770059235325795,18.320610687022903,,12.329223592135955
11423,411,234,176,0,2,95,223,16,2,19,54,29105.0,2835.0,9835.0,119.0,8925.0,4484.0,80870.0,3006.0,0.097405943995877,0.3379144476894004,0.0040886445627898,0.3066483422092424,0.154062875794537,14.121285002576878,70,22.674123029994917,6.701940035273369,10.644257703081232,16.80672268907563,15.611061552185548
11426,120,54,63,1,2,40,33,5,0,21,19,19638.0,4404.0,1080.0,0.0,9854.0,3117.0,107591.0,1400.0,0.2242590895203177,0.0549954170485792,0.0,0.5017822588858336,0.1587228842040941,6.110601894286587,24,30.555555555555554,4.768392370572207,4.05926527298559,,7.699711260827719
11427,174,93,81,0,3,39,75,7,0,18,32,25124.0,3574.0,5449.0,7.0,9376.0,4233.0,92129.0,2846.0,0.142254418086292,0.2168842540996656,0.0002786180544499,0.3731889826460755,0.1684843177837924,6.925648782041076,39,13.763993393283172,5.036373810856183,4.159556313993174,428.57142857142856,9.213323883770375
11428,1372,763,569,2,10,190,893,44,19,37,179,18898.0,1508.0,3102.0,0.0,6139.0,5287.0,84977.0,1690.0,0.079796803894592,0.1641443538998835,0.0,0.3248491903905175,0.279765054503122,72.60027516139274,223,287.8787878787879,24.53580901856764,30.94966606939241,,42.17892944959335
11429,456,187,269,0,2,41,331,8,1,11,62,27933.0,850.0,18100.0,13.0,1861.0,4237.0,98232.0,2384.0,0.0304299573980596,0.64797909282927,0.0004653993484409,0.0666237067268105,0.1516843876418573,16.324777145311998,70,18.28729281767956,12.941176470588236,22.03116603976357,153.84615384615387,16.521123436393673
11430,60,26,13,0,1,8,21,2,0,5,23,448.0,43.0,113.0,0.0,9.0,264.0,-666666666.0,296.0,0.0959821428571428,0.2522321428571428,0.0,0.0200892857142857,0.5892857142857143,133.92857142857142,25,185.8407079646018,116.27906976744185,888.8888888888888,,94.6969696969697
11432,2764,1229,1518,9,16,337,1497,140,42,187,545,63730.0,7527.0,11095.0,400.0,26907.0,13365.0,75395.0,9439.0,0.118107641613055,0.1740938333594853,0.0062764788953397,0.4222030440922642,0.2097128510905382,43.37046916679743,685,134.9256421811627,24.843895310216556,12.524621845616382,40.0,51.2532734754957
11433,1726,621,1099,3,7,134,1118,72,9,93,293,37777.0,718.0,20631.0,547.0,6546.0,4939.0,71177.0,4636.0,0.0190062736585753,0.5461259496519046,0.0144797098763798,0.1732800381184318,0.1307409270190856,45.68917595362257,365,54.19029615626969,129.52646239554315,20.470516345860066,12.79707495429616,73.90159951407168
11434,2515,1122,1370,3,20,178,1923,75,36,35,248,67611.0,1265.0,51683.0,185.0,2388.0,8096.0,76668.0,7833.0,0.0187099732292082,0.7644170327313603,0.0027362411441925,0.0353196964990903,0.1197438286669329,37.19808906834687,323,37.207592438519434,27.66798418972332,74.5393634840871,108.10810810810811,39.89624505928854
11435,2042,838,1188,11,10,222,1005,88,33,195,489,58424.0,7534.0,14332.0,157.0,13162.0,17441.0,79430.0,8268.0,0.1289538545803094,0.2453101465151307,0.0026872518143228,0.2252841298096672,0.2985245789401616,34.951389839791865,577,70.12280212112755,25.882665250862757,16.866737577875703,63.69426751592356,33.082965426294365
11436,443,174,260,2,9,67,271,15,4,7,70,21364.0,284.0,12509.0,100.0,1406.0,2654.0,86104.0,2612.0,0.0132933907507957,0.5855176933158585,0.0046807713911252,0.0658116457592211,0.1242276727204643,20.73581726268489,85,21.664401630825804,24.64788732394366,47.652916073968704,90.0,32.027128862094955
11451,5,2,3,0,0,2,3,0,0,0,0,0.0,0.0,0.0,0.0,0.0,0.0,-666666666.0,0.0,,,,,,inf,0,,,,,
11691,1589,878,705,0,3,26,1171,75,13,46,255,68704.0,16251.0,27745.0,265.0,2748.0,17632.0,57027.0,13847.0,0.2365364462040056,0.4038338379133674,0.0038571262226362,0.0399976711690731,0.2566371681415929,23.12820214252445,330,42.205802847359884,2.830595040305212,9.461426491994178,11.320754716981131,18.71597096188748
11692,327,176,150,0,0,5,248,11,2,16,45,23247.0,2914.0,12277.0,0.0,1301.0,5602.0,49507.0,6112.0,0.1253495074633286,0.5281111541274143,0.0,0.0559642104357551,0.2409773304082247,14.066331139501871,56,20.200374684369145,5.490734385724091,3.843197540353574,,9.996429846483398
11693,626,331,293,1,2,24,327,33,1,148,91,13066.0,5776.0,3155.0,19.0,603.0,2863.0,67829.0,2347.0,0.4420633705801316,0.2414664013470075,0.0014541558242767,0.0461503137915199,0.2191183223633858,47.91060768406551,124,103.64500792393027,25.623268698060944,39.80099502487562,105.26315789473684,43.31121201536849
11694,237,89,147,1,0,6,116,16,2,67,30,21430.0,15453.0,1660.0,26.0,365.0,3559.0,103792.0,2433.0,0.721091927204853,0.0774615025664955,0.0012132524498366,0.0170321978534764,0.1660755949603359,11.059262715818946,46,69.87951807228916,4.335727690416101,16.43835616438356,0.0,12.924978926664794
11697,1,0,1,0,0,0,1,0,0,0,0,4123.0,4011.0,0.0,0.0,27.0,40.0,134844.0,206.0,0.9728353140916808,0.0,0.0,0.0065486296386126,0.0097016735386854,0.24254183846713556,0,,0.0,0.0,,0.0
